﻿<?xml version="1.0" encoding="utf-8"?>
<DeploymentInfo LightningDeployMode="false" ContinueOnItemDeployError="false" DeleteAction="Ignore">
  <DeployedItems RecursiveDeployAction="Ignore">
    <DeployedItem Id="0de95ae4-41ab-4d01-9eb0-67441b7c2450" Name="content" Parent="{11111111-1111-1111-1111-111111111111}" Database="core" ItemIneligible="false" KeepChildrenInSync="false" />
    <DeployedItem Id="3352b534-4fca-4de5-9624-ef257f1f4860" Name="Documents and settings" Parent="{0DE95AE4-41AB-4D01-9EB0-67441B7C2450}" Database="core" ItemIneligible="false" KeepChildrenInSync="false" />
    <DeployedItem Id="78415f9a-e2f7-4b61-8a99-81c75904f1b1" Name="All users" Parent="{3352B534-4FCA-4DE5-9624-EF257F1F4860}" Database="core" ItemIneligible="false" KeepChildrenInSync="false" />
    <DeployedItem Id="b965ece5-5879-4d8d-a6b1-4233d7d06b0f" Name="Start menu" Parent="{78415F9A-E2F7-4B61-8A99-81C75904F1B1}" Database="core" ItemIneligible="false" KeepChildrenInSync="false" />
    <DeployedItem Id="10148dc7-dca6-4aca-ac90-46fbf59a1d1f" Name="Right" Parent="{B965ECE5-5879-4D8D-A6B1-4233D7D06B0F}" Database="core" ItemIneligible="false" KeepChildrenInSync="false" />
    <DeployedItem Id="69f2bbb4-3a08-4394-b41b-5dcd99d1bbd9" Name="Divider 4" Parent="{10148DC7-DCA6-4ACA-AC90-46FBF59A1D1F}" Database="core" ItemIneligible="false" KeepChildrenInSync="false" />
    <DeployedItem Id="b4b75ab0-878f-49ac-a0c1-d867fc9946f8" Name="Integrations" Parent="{10148DC7-DCA6-4ACA-AC90-46FBF59A1D1F}" Database="core" ItemIneligible="false" KeepChildrenInSync="false" />
    <DeployedItem Id="7fc922ad-1ad1-4c70-ad49-374a034bfafb" Name="Send Batch Update" Parent="{B4B75AB0-878F-49AC-A0C1-D867FC9946F8}" Database="core" ItemIneligible="false" KeepChildrenInSync="false" />
    <DeployedItem Id="0de95ae4-41ab-4d01-9eb0-67441b7c2450" Name="content" Parent="{11111111-1111-1111-1111-111111111111}" Database="master" ItemIneligible="false" KeepChildrenInSync="false" />
    <DeployedItem Id="b7e83b9e-9325-48b3-9a64-40f1339f52ce" Name="Integration Settings" Parent="{0DE95AE4-41AB-4D01-9EB0-67441B7C2450}" Database="master" ItemIneligible="false" KeepChildrenInSync="false" />
    <DeployedItem Id="13d6d6c6-c50b-4bbd-b331-2b04f1a58f21" Name="system" Parent="{11111111-1111-1111-1111-111111111111}" Database="master" ItemIneligible="false" KeepChildrenInSync="false" />
    <DeployedItem Id="08477468-d438-43d4-9d6a-6d84a611971c" Name="Modules" Parent="{13D6D6C6-C50B-4BBD-B331-2B04F1A58F21}" Database="master" ItemIneligible="false" KeepChildrenInSync="false" />
    <DeployedItem Id="dadc7c07-2606-4f1c-98c6-fb8162e55257" Name="PowerShell" Parent="{08477468-D438-43D4-9D6A-6D84A611971C}" Database="master" ItemIneligible="false" KeepChildrenInSync="false" />
    <DeployedItem Id="a3572733-5062-43e9-a447-54698bc1c637" Name="Script Library" Parent="{DADC7C07-2606-4F1C-98C6-FB8162E55257}" Database="master" ItemIneligible="false" KeepChildrenInSync="false" />
    <DeployedItem Id="96c5a65e-efc6-4713-8d6f-438fb79255b1" Name="SitecoreFundamentals" Parent="{A3572733-5062-43E9-A447-54698BC1C637}" Database="master" ItemIneligible="false" KeepChildrenInSync="true" />
    <DeployedItem Id="faeeaef1-a5a3-477c-87ef-bc25db08dff0" Name="Sitecore Send" Parent="{96C5A65E-EFC6-4713-8D6F-438FB79255B1}" Database="master" ItemIneligible="false" KeepChildrenInSync="true" />
    <DeployedItem Id="4c4f4eed-7701-4dda-9548-b4ecd78de93c" Name="Batch Email List Update" Parent="{FAEEAEF1-A5A3-477C-87EF-BC25DB08DFF0}" Database="master" ItemIneligible="false" KeepChildrenInSync="true" />
    <DeployedItem Id="3c1715fe-6a13-4fcf-845f-de308ba9741d" Name="templates" Parent="{11111111-1111-1111-1111-111111111111}" Database="master" ItemIneligible="false" KeepChildrenInSync="false" />
    <DeployedItem Id="e6904c9a-3ace-4b53-b465-4c05c6b1f1cc" Name="Modules" Parent="{3C1715FE-6A13-4FCF-845F-DE308BA9741D}" Database="master" ItemIneligible="false" KeepChildrenInSync="false" />
    <DeployedItem Id="d584d7e8-b9ec-4feb-803d-74d4c2e33e17" Name="SitecoreFundamentals" Parent="{E6904C9A-3ACE-4B53-B465-4C05C6B1F1CC}" Database="master" ItemIneligible="false" KeepChildrenInSync="false" />
    <DeployedItem Id="bdb11a91-e710-4f9a-946c-c80f514b5da5" Name="SendBatchUploadAndMerge" Parent="{D584D7E8-B9EC-4FEB-803D-74D4C2E33E17}" Database="master" ItemIneligible="false" KeepChildrenInSync="true" />
    <DeployedItem Id="ca268612-5768-41b6-9c36-bed0273e4668" Name="Integration Settings" Parent="{BDB11A91-E710-4F9A-946C-C80F514B5DA5}" Database="master" ItemIneligible="false" KeepChildrenInSync="true" />
    <DeployedItem Id="cf615322-516d-419e-9c80-50c5e40ccfc3" Name="__Standard Values" Parent="{CA268612-5768-41B6-9C36-BED0273E4668}" Database="master" ItemIneligible="false" KeepChildrenInSync="true" />
    <DeployedItem Id="31524cc0-6ab7-4023-ae05-64c4c6d20c63" Name="Send" Parent="{CA268612-5768-41B6-9C36-BED0273E4668}" Database="master" ItemIneligible="false" KeepChildrenInSync="true" />
    <DeployedItem Id="8c494c7c-a859-4c4f-9768-b4478daaacaa" Name="Add Multiple Subscribers Max Records Per Call" Parent="{31524CC0-6AB7-4023-AE05-64C4C6D20C63}" Database="master" ItemIneligible="false" KeepChildrenInSync="true" />
    <DeployedItem Id="709ecdcd-d2e6-414e-9e8c-7d6e80193cf2" Name="Add Multiple Subscribers Rate Limit" Parent="{31524CC0-6AB7-4023-AE05-64C4C6D20C63}" Database="master" ItemIneligible="false" KeepChildrenInSync="true" />
    <DeployedItem Id="28b7f892-6844-41cc-a5f6-40bcb9578b50" Name="Add Multiple Subscribers" Parent="{31524CC0-6AB7-4023-AE05-64C4C6D20C63}" Database="master" ItemIneligible="false" KeepChildrenInSync="true" />
    <DeployedItem Id="14e7e156-544e-45cd-ae22-eb3c5b970ede" Name="Api Key" Parent="{31524CC0-6AB7-4023-AE05-64C4C6D20C63}" Database="master" ItemIneligible="false" KeepChildrenInSync="true" />
    <DeployedItem Id="7b68e769-9d29-43f4-903c-d54a2239d59e" Name="Base Address" Parent="{31524CC0-6AB7-4023-AE05-64C4C6D20C63}" Database="master" ItemIneligible="false" KeepChildrenInSync="true" />
    <DeployedItem Id="1351cf67-1009-4c37-96ce-e4698c5edb08" Name="Get All Active Email Lists" Parent="{31524CC0-6AB7-4023-AE05-64C4C6D20C63}" Database="master" ItemIneligible="false" KeepChildrenInSync="true" />
    <DeployedItem Id="0b82a655-2061-4809-aa91-63a7f0f94f15" Name="Get All Subscribers of Email List" Parent="{31524CC0-6AB7-4023-AE05-64C4C6D20C63}" Database="master" ItemIneligible="false" KeepChildrenInSync="true" />
  </DeployedItems>
  <ItemFile Id="0de95ae4-41ab-4d01-9eb0-67441b7c2450" ItemDeployment="NeverDeploy" ChildItemSynchronization="NoChildSynchronization" ParentId="{11111111-1111-1111-1111-111111111111}" ItemPath="/sitecore/content" SitecoreDatabase="core" />
  <ItemFile Id="3352b534-4fca-4de5-9624-ef257f1f4860" ItemDeployment="DeployOnce" ChildItemSynchronization="NoChildSynchronization" ParentId="{0DE95AE4-41AB-4D01-9EB0-67441B7C2450}" ItemPath="/sitecore/content/Documents and settings" SitecoreDatabase="core" />
  <ItemFile Id="78415f9a-e2f7-4b61-8a99-81c75904f1b1" ItemDeployment="DeployOnce" ChildItemSynchronization="NoChildSynchronization" ParentId="{3352B534-4FCA-4DE5-9624-EF257F1F4860}" ItemPath="/sitecore/content/Documents and settings/All users" SitecoreDatabase="core" />
  <ItemFile Id="b965ece5-5879-4d8d-a6b1-4233d7d06b0f" ItemDeployment="DeployOnce" ChildItemSynchronization="NoChildSynchronization" ParentId="{78415F9A-E2F7-4B61-8A99-81C75904F1B1}" ItemPath="/sitecore/content/Documents and settings/All users/Start menu" SitecoreDatabase="core" />
  <ItemFile Id="10148dc7-dca6-4aca-ac90-46fbf59a1d1f" ItemDeployment="DeployOnce" ChildItemSynchronization="NoChildSynchronization" ParentId="{B965ECE5-5879-4D8D-A6B1-4233D7D06B0F}" ItemPath="/sitecore/content/Documents and settings/All users/Start menu/Right" SitecoreDatabase="core" />
  <ItemFile Id="69f2bbb4-3a08-4394-b41b-5dcd99d1bbd9" ItemDeployment="DeployOnce" ChildItemSynchronization="NoChildSynchronization" ParentId="{10148DC7-DCA6-4ACA-AC90-46FBF59A1D1F}" ItemPath="/sitecore/content/Documents and settings/All users/Start menu/Right/Divider 4" SitecoreDatabase="core" />
  <ItemFile Id="b4b75ab0-878f-49ac-a0c1-d867fc9946f8" ItemDeployment="DeployOnce" ChildItemSynchronization="NoChildSynchronization" ParentId="{10148DC7-DCA6-4ACA-AC90-46FBF59A1D1F}" ItemPath="/sitecore/content/Documents and settings/All users/Start menu/Right/Integrations" SitecoreDatabase="core" />
  <ItemFile Id="7fc922ad-1ad1-4c70-ad49-374a034bfafb" ItemDeployment="DeployOnce" ChildItemSynchronization="NoChildSynchronization" ParentId="{B4B75AB0-878F-49AC-A0C1-D867FC9946F8}" ItemPath="/sitecore/content/Documents and settings/All users/Start menu/Right/Integrations/Send Batch Update" SitecoreDatabase="core" />
  <ItemFile Id="0de95ae4-41ab-4d01-9eb0-67441b7c2450" ItemDeployment="NeverDeploy" ChildItemSynchronization="NoChildSynchronization" ParentId="{11111111-1111-1111-1111-111111111111}" ItemPath="/sitecore/content" SitecoreDatabase="master" />
  <ItemFile Id="b7e83b9e-9325-48b3-9a64-40f1339f52ce" ItemDeployment="DeployOnce" ChildItemSynchronization="NoChildSynchronization" ParentId="{0DE95AE4-41AB-4D01-9EB0-67441B7C2450}" ItemPath="/sitecore/content/Integration Settings" SitecoreDatabase="master" />
  <ItemFile Id="13d6d6c6-c50b-4bbd-b331-2b04f1a58f21" ItemDeployment="NeverDeploy" ChildItemSynchronization="NoChildSynchronization" ParentId="{11111111-1111-1111-1111-111111111111}" ItemPath="/sitecore/system" SitecoreDatabase="master" />
  <ItemFile Id="08477468-d438-43d4-9d6a-6d84a611971c" ItemDeployment="DeployOnce" ChildItemSynchronization="NoChildSynchronization" ParentId="{13D6D6C6-C50B-4BBD-B331-2B04F1A58F21}" ItemPath="/sitecore/system/Modules" SitecoreDatabase="master" />
  <ItemFile Id="dadc7c07-2606-4f1c-98c6-fb8162e55257" ItemDeployment="DeployOnce" ChildItemSynchronization="NoChildSynchronization" ParentId="{08477468-D438-43D4-9D6A-6D84A611971C}" ItemPath="/sitecore/system/Modules/PowerShell" SitecoreDatabase="master" />
  <ItemFile Id="a3572733-5062-43e9-a447-54698bc1c637" ItemDeployment="DeployOnce" ChildItemSynchronization="NoChildSynchronization" ParentId="{DADC7C07-2606-4F1C-98C6-FB8162E55257}" ItemPath="/sitecore/system/Modules/PowerShell/Script Library" SitecoreDatabase="master" />
  <ItemFile Id="96c5a65e-efc6-4713-8d6f-438fb79255b1" ItemDeployment="DeployOnce" ChildItemSynchronization="KeepAllChildrenSynchronized" ParentId="{A3572733-5062-43E9-A447-54698BC1C637}" ItemPath="/sitecore/system/Modules/PowerShell/Script Library/SitecoreFundamentals" SitecoreDatabase="master" />
  <ItemFile Id="faeeaef1-a5a3-477c-87ef-bc25db08dff0" ItemDeployment="DeployOnce" ChildItemSynchronization="KeepAllChildrenSynchronized" ParentId="{96C5A65E-EFC6-4713-8D6F-438FB79255B1}" ItemPath="/sitecore/system/Modules/PowerShell/Script Library/SitecoreFundamentals/Sitecore Send" SitecoreDatabase="master" />
  <ItemFile Id="4c4f4eed-7701-4dda-9548-b4ecd78de93c" ItemDeployment="DeployOnce" ChildItemSynchronization="KeepAllChildrenSynchronized" ParentId="{FAEEAEF1-A5A3-477C-87EF-BC25DB08DFF0}" ItemPath="/sitecore/system/Modules/PowerShell/Script Library/SitecoreFundamentals/Sitecore Send/Batch Email List Update" SitecoreDatabase="master" />
  <ItemFile Id="3c1715fe-6a13-4fcf-845f-de308ba9741d" ItemDeployment="NeverDeploy" ChildItemSynchronization="NoChildSynchronization" ParentId="{11111111-1111-1111-1111-111111111111}" ItemPath="/sitecore/templates" SitecoreDatabase="master" />
  <ItemFile Id="e6904c9a-3ace-4b53-b465-4c05c6b1f1cc" ItemDeployment="DeployOnce" ChildItemSynchronization="NoChildSynchronization" ParentId="{3C1715FE-6A13-4FCF-845F-DE308BA9741D}" ItemPath="/sitecore/templates/Modules" SitecoreDatabase="master" />
  <ItemFile Id="d584d7e8-b9ec-4feb-803d-74d4c2e33e17" ItemDeployment="DeployOnce" ChildItemSynchronization="NoChildSynchronization" ParentId="{E6904C9A-3ACE-4B53-B465-4C05C6B1F1CC}" ItemPath="/sitecore/templates/Modules/SitecoreFundamentals" SitecoreDatabase="master" />
  <ItemFile Id="bdb11a91-e710-4f9a-946c-c80f514b5da5" ItemDeployment="DeployOnce" ChildItemSynchronization="KeepAllChildrenSynchronized" ParentId="{D584D7E8-B9EC-4FEB-803D-74D4C2E33E17}" ItemPath="/sitecore/templates/Modules/SitecoreFundamentals/SendBatchUploadAndMerge" SitecoreDatabase="master" />
  <ItemFile Id="ca268612-5768-41b6-9c36-bed0273e4668" ItemDeployment="DeployOnce" ChildItemSynchronization="KeepAllChildrenSynchronized" ParentId="{BDB11A91-E710-4F9A-946C-C80F514B5DA5}" ItemPath="/sitecore/templates/Modules/SitecoreFundamentals/SendBatchUploadAndMerge/Integration Settings" SitecoreDatabase="master" />
  <ItemFile Id="cf615322-516d-419e-9c80-50c5e40ccfc3" ItemDeployment="DeployOnce" ChildItemSynchronization="KeepAllChildrenSynchronized" ParentId="{CA268612-5768-41B6-9C36-BED0273E4668}" ItemPath="/sitecore/templates/Modules/SitecoreFundamentals/SendBatchUploadAndMerge/Integration Settings/__Standard Values" SitecoreDatabase="master" />
  <ItemFile Id="31524cc0-6ab7-4023-ae05-64c4c6d20c63" ItemDeployment="DeployOnce" ChildItemSynchronization="KeepAllChildrenSynchronized" ParentId="{CA268612-5768-41B6-9C36-BED0273E4668}" ItemPath="/sitecore/templates/Modules/SitecoreFundamentals/SendBatchUploadAndMerge/Integration Settings/Send" SitecoreDatabase="master" />
  <ItemFile Id="8c494c7c-a859-4c4f-9768-b4478daaacaa" ItemDeployment="DeployOnce" ChildItemSynchronization="KeepAllChildrenSynchronized" ParentId="{31524CC0-6AB7-4023-AE05-64C4C6D20C63}" ItemPath="/sitecore/templates/Modules/SitecoreFundamentals/SendBatchUploadAndMerge/Integration Settings/Send/Add Multiple Subscribers Max Records Per Call" SitecoreDatabase="master" />
  <ItemFile Id="709ecdcd-d2e6-414e-9e8c-7d6e80193cf2" ItemDeployment="DeployOnce" ChildItemSynchronization="KeepAllChildrenSynchronized" ParentId="{31524CC0-6AB7-4023-AE05-64C4C6D20C63}" ItemPath="/sitecore/templates/Modules/SitecoreFundamentals/SendBatchUploadAndMerge/Integration Settings/Send/Add Multiple Subscribers Rate Limit" SitecoreDatabase="master" />
  <ItemFile Id="28b7f892-6844-41cc-a5f6-40bcb9578b50" ItemDeployment="DeployOnce" ChildItemSynchronization="KeepAllChildrenSynchronized" ParentId="{31524CC0-6AB7-4023-AE05-64C4C6D20C63}" ItemPath="/sitecore/templates/Modules/SitecoreFundamentals/SendBatchUploadAndMerge/Integration Settings/Send/Add Multiple Subscribers" SitecoreDatabase="master" />
  <ItemFile Id="14e7e156-544e-45cd-ae22-eb3c5b970ede" ItemDeployment="DeployOnce" ChildItemSynchronization="KeepAllChildrenSynchronized" ParentId="{31524CC0-6AB7-4023-AE05-64C4C6D20C63}" ItemPath="/sitecore/templates/Modules/SitecoreFundamentals/SendBatchUploadAndMerge/Integration Settings/Send/Api Key" SitecoreDatabase="master" />
  <ItemFile Id="7b68e769-9d29-43f4-903c-d54a2239d59e" ItemDeployment="DeployOnce" ChildItemSynchronization="KeepAllChildrenSynchronized" ParentId="{31524CC0-6AB7-4023-AE05-64C4C6D20C63}" ItemPath="/sitecore/templates/Modules/SitecoreFundamentals/SendBatchUploadAndMerge/Integration Settings/Send/Base Address" SitecoreDatabase="master" />
  <ItemFile Id="1351cf67-1009-4c37-96ce-e4698c5edb08" ItemDeployment="DeployOnce" ChildItemSynchronization="KeepAllChildrenSynchronized" ParentId="{31524CC0-6AB7-4023-AE05-64C4C6D20C63}" ItemPath="/sitecore/templates/Modules/SitecoreFundamentals/SendBatchUploadAndMerge/Integration Settings/Send/Get All Active Email Lists" SitecoreDatabase="master" />
  <ItemFile Id="0b82a655-2061-4809-aa91-63a7f0f94f15" ItemDeployment="DeployOnce" ChildItemSynchronization="KeepAllChildrenSynchronized" ParentId="{31524CC0-6AB7-4023-AE05-64C4C6D20C63}" ItemPath="/sitecore/templates/Modules/SitecoreFundamentals/SendBatchUploadAndMerge/Integration Settings/Send/Get All Subscribers of Email List" SitecoreDatabase="master" />
</DeploymentInfo>